Node,CAGM value
2,29.027121458763443
5,29.027121458763414
3,25.750000000000025
4,13.305678931869998
1,25.749999999999986
